City,Country,TripType,Cost,Rating,Popularity,Restaurants,Accommodations,Activities
Tokyo,Japan,Cultural,2800,4.8,9.4,"Sushi, Ramen",Tokyo Grand Hotel,"Temples, Shibuya Crossing, Art Museums, Shopping"
Atami,Japan,Relaxed,2400,4.7,8.9,Japanese Cuisine,Atami Resort,"Hot Springs, Beach Relaxation, Scenic Views"
Ho Chi Minh City,Vietnam,Cultural,2200,4.6,8.8,Vietnamese Cuisine,Ho Chi Minh City Hotel,"War Remnants Museum, Cu Chi Tunnels, Street Markets"
Mekong River,Vietnam,Adventurous,2400,4.7,8.9,Vietnamese Seafood,Mekong Eco Lodge,"River Cruises, Floating Markets, Villages Exploration"
Phnom Penh,Cambodia,Cultural,2300,4.8,9,Cambodian Cuisine,Phnom Penh Heritage Hotel,"Royal Palace, Tuol Sleng Museum, Killing Fields"
Battambang,Cambodia,Cultural,2200,4.7,8.8,Khmer Cuisine,Battambang Inn,"Bamboo Train, Temples, Cultural Sites"
Pailin,Cambodia,Cultural,2100,4.6,8.7,Khmer Specialties,Pailin Hotel,"Temple Visits, Village Tours, Exploring Nature"
Tokyo,Japan,Adventurous,2800,4.8,9.3,"Ramen, Sushi",Tokyo Adventure Hotel,"Mt. Fuji Hiking, Tokyo Disneyland, Urban Exploration"
Porto,Portugal,Cultural,2600,4.9,9.1,Portuguese Cuisine,Porto Heritage Hotel,"Wine Tasting, Historic Ribeira, Port Wine Cellars"
San Sebastian,Spain,Relaxed,2500,4.7,8.8,Basque Cuisine,San Sebastian Inn,"Beaches, Tapas Tour, Relaxing Strolls in Old Town"
Arcachon,France,Relaxed,2200,4.6,8.7,French Seafood,Arcachon Resort,"Dune of Pilat, Beaches, Oyster Farms"
Amarante,Portugal,Cultural,2400,4.7,8.9,Portuguese Delights,Amarante Hotel,"Wine Tours, Historic Churches, Scenic Views"
Rissani,Morocco,Cultural,2300,4.8,8.9,Moroccan Cuisine,Rissani Inn,"Sahara Desert, Kasbah Visits, Camel Rides"
Fes,Morocco,Cultural,2500,4.9,9.2,Moroccan Specialties,Fes Heritage Hotel,"Medina Exploration, Al Quaraouiyine University"
St. Petersburg,Russia,Cultural,2700,4.8,9.3,Russian Cuisine,St. Petersburg Hotel,"Hermitage Museum, Peterhof Palace, Canal Cruises"
Oaxaca,Mexico,Cultural,2200,4.6,8.8,Oaxacan Cuisine,Oaxaca Inn,"Monte Albán, Textile Workshops, Mezcal Tastings"
Puebla,Mexico,Cultural,2300,4.7,9,Puebla Specialties,Puebla Resort,"Historic Architecture, Puebla Cathedral, Culinary Tour"
Los Angeles,United States,Cultural,2700,4.8,9.5,American Cuisine,LA Grand Hotel,"Hollywood Walk of Fame, Museums, Griffith Observatory"
Napa Valley,United States,Relaxed,2400,4.8,9.2,Wine Country Delights,Napa Resort,"Wine Tours, Vineyard Picnics, Scenic Drives"
San Francisco,United States,Cultural,2500,4.7,9.4,Californian Cuisine,San Francisco Resort,"Golden Gate Bridge, Alcatraz, Fisherman's Wharf"
New York City,United States,Cultural,2800,4.9,9.6,New York Cuisine,NYC Heritage Hotel,"Broadway, Central Park, Museums, Empire State Building"
Provincetown,United States,Adventurous,2200,4.7,8.9,American Seafood,Provincetown Inn,"Whale Watching, Outdoor Adventures, Hiking"
Glasgow,United Kingdom,Cultural,2400,4.8,9,Scottish Cuisine,Glasgow Grand Hotel,"Museums, Glasgow Cathedral, Shopping"
London,United Kingdom,Cultural,2700,4.9,9.5,British Cuisine,London Heritage Hotel,"Buckingham Palace, The British Museum, Theatre"
Saint-Martin,Saint-Martin,Relaxed,2300,4.7,8.9,Caribbean Cuisine,Saint-Martin Resort,"Beach Relaxation, Watersports, Sunset Viewing"
New Orleans,United States,Cultural,2500,4.8,9.2,Cajun Cuisine,New Orleans Hotel,"French Quarter, Jazz, Garden District"
Salvador de Bahia,Brazil,Cultural,2600,4.8,9.3,Brazilian Cuisine,Salvador Resort,"Historic Center, Carnival, Afro-Brazilian Culture"
Rio de Janeiro,Brazil,Cultural,2700,4.9,9.4,Brazilian Delights,Rio Resort,"Christ the Redeemer, Copacabana Beach, Sugarloaf"
Minneapolis,United States,Cultural,2400,4.7,8.8,Local Cuisine,Minneapolis Inn,"Walker Art Center, Mall of America, Lakeside Parks"
Kansas City,United States,Cultural,2300,4.6,8.7,BBQ Cuisine,Kansas City Hotel,"Jazz, Museums, Barbecue Tour"
Houston,United States,Cultural,2400,4.7,8.9,Tex-Mex Cuisine,Houston Grand Hotel,"Space Center, Museum District, Cultural Festivals"
Wilson,United States,Cultural,2200,4.5,8.6,Southern Comfort,Wilson Inn,"Local History, Parks, Outdoor Activities"
Sydney,Australia,Cultural,2800,4.8,9.3,Australian Cuisine,Sydney Resort,"Opera House, Bondi Beach, Harbor Bridge"
Melbourne,Australia,Cultural,2000,4.6,9.1,Laneway Eats,City Hotel,"Museum Tour, Art Galleries, Historic Laneways"
Singapore,Singapore,Relaxed,2100,4.7,9.5,Hawker's Delight,Marina Bay Lodge,"Gardens by the Bay, Marina Bay Sands, Night Safari"
Chiang Mai,Thailand,Adventurous,1200,4.5,8.9,Jungle Cafe,Mountain Retreat,"Trekking Adventure, Waterfalls, Elephant Sanctuary"
Hanoi,Vietnam,Cultural,1400,4.6,9.2,Street Pho,Old Quarter Inn,"Temple Exploration, Hoan Kiem Lake, Old Quarter Walk"
Bangkok,Thailand,Cultural,1500,4.7,9.3,Thai Spice,City Center Hotel,"Grand Palace Visit, Wat Pho, Floating Markets"
Paris,France,Cultural,2500,4.8,9.7,Bistro Belle,Champs Elysees Hotel,"Louvre Tour, Eiffel Tower, Notre-Dame Cathedral"
Reykjavík,Iceland,Adventurous,3000,4.9,8.5,Nordic Bites,Icehotel,"Northern Lights Tour, Golden Circle, Blue Lagoon"
Fort Lee,United States,Cultural,1000,4.4,7.8,Local Eats,Hudson Inn,"Historic Walk, George Washington Bridge Views"
Barnegat Light,United States,Relaxed,900,4.3,7.6,Seaside Cafe,Lighthouse B&B,"Beach Walk, Lighthouse Visit, Sunset Views"
Atlantic City,United States,Relaxed,1200,4.2,7.9,Casino Grill,Bayfront Hotel,"Boardwalk Visit, Beach Relaxation, Casino Fun"
Camden,United States,Cultural,1100,4,7.5,Cultural Kitchen,Riverfront Inn,"Museum Stop, Historic Camden, Waterfront Walk"
Warren Grove,United States,Relaxed,950,4.1,7.4,Country Diner,Cabin Getaway,"Nature Trails, Birdwatching, Scenic Hikes"
Asbury Park,United States,Relaxed,1050,4.3,7.7,Shoreline Cafe,Beachfront Hotel,"Concert Night, Beach Relaxation, Boardwalk Stroll"
Mai Châu,Vietnam,Adventurous,1150,4.7,8.4,Valley Kitchen,Mountain Lodge,"Biking Trails, Rice Terrace Walk, Cultural Experiences"
Tuần Châu,Vietnam,Relaxed,1000,4.5,8.1,Island Grill,Harbor Hotel,"Island Tour, Relaxing Beaches, Scenic Views"
Kuala Lumpur,Malaysia,Cultural,1600,4.6,8.8,Malaysian Bites,Tower Inn,"Twin Towers Tour, Batu Caves, Chinatown Exploration"
Agrigento,Italy,Cultural,1700,4.7,8.9,Trattoria Roma,Valley View Hotel,"Archaeological Park, Valley of the Temples"
Catania,Italy,Cultural,1650,4.5,8.7,Sicilian Taste,Etna Lodge,"Baroque City Tour, Mount Etna Exploration"
Palermo,Italy,Cultural,1800,4.6,9,Seafood Delights,Historic Inn,"Cathedral Walk, Historic Markets, Mediterranean Views"
Taormina,Italy,Cultural,1900,4.8,9.2,Panoramic Bites,Clifftop Retreat,"Greek Theatre Tour, Mount Etna Views, Scenic Strolls"
Trapani,Italy,Cultural,1750,4.7,8.9,Fisherman’s Grill,Seaside Inn,"Winery Visit, Salt Flats Tour, Beach Relaxation"
Las Vegas,United States,Relaxed,2000,4.5,9.3,Strip Dining,Hotel Lux,"Casino Night, Live Shows, Poolside Lounging"
Samarkand,Uzbekistan,Cultural,2200,4.9,8.6,Silk Road Cafe,Blue Dome Lodge,"Historical Tour, Registan Square, Shah-i-Zinda"
Tashkent,Uzbekistan,Cultural,1800,4.5,8.7,Central Eats,Grand Hotel Tashkent,"Historical Sites Tour, Chorsu Bazaar"
Christchurch,New Zealand,Adventurous,2200,4.6,8.9,Kiwi Café,Adventure Lodge,"Hiking & Wildlife Safari, Botanic Gardens, Earthquake Tour"
Beijing,China,Cultural,2400,4.8,9.3,Peking Duck House,Beijing Palace Hotel,"Forbidden City Visit, Great Wall, Temple of Heaven"
Chengdu,China,Cultural,2100,4.7,9.1,Sichuan Spices,Chengdu Hotel,"Panda Sanctuary Visit, Jinli Ancient Street"
Kisoji,Japan,Cultural,2300,4.7,9,Shabu Shabu Spot,Traditional Ryokan,"Temple & Garden Walk, Scenic Mountain Views"
Osaka,Japan,Cultural,2000,4.8,9.2,Osaka Street Food,Osaka Grand Hotel,"Osaka Castle Tour, Dotonbori Street, Umeda Sky Building"
Xi’an,China,Cultural,1800,4.6,8.8,Xi’an Dumplings,Terra Cotta Hotel,"Terracotta Army Visit, Xi’an City Wall, Muslim Quarter"
Miami,United States,Adventurous,2800,4.7,8.8,"Joe's Stone Crab, Versailles Restaurant",Miami Adventure Hotel,"South Beach, Everglades, Nightlife"
Key West,United States,Relaxed,2400,4.8,8.9,"Blue Heaven, Santiago's Bodega",Key West Resort,"Beaches, Sunset Cruises, Relaxation"
Cusco,Peru,Cultural,2300,4.8,9,"Chicha por Gastón Acurio, Morena Peruvian Kitchen",Cusco Cultural Hotel,"Sacsayhuamán, Sacred Valley, Local Markets"
Lima,Peru,Adventurous,2500,4.9,9.2,"Central, Maido",Lima Adventure Lodge,"Miraflores, Barranco, Paragliding"
Machu Picchu,Peru,Adventurous,2800,4.9,9.4,"Tampu Restaurant, Tinkuy Restaurant",Machu Picchu Adventure Inn,"Citadel Exploration, Hiking, Scenic Views"
Tambopata,Peru,Adventurous,2600,4.7,9,"Posada Amazonas Dining, Rainforest Café",Tambopata Eco Lodge,"Jungle Safaris, Riverboat Cruises, Wildlife Viewing"
Inukjuak,Canada,Adventurous,3200,4.6,8.7,Local Inuit Cuisine Spot,Inukjuak Eco Hotel,"Northern Lights, Kayaking, Wildlife Watching"
Marieville,Canada,Cultural,2400,4.7,8.9,"Le Coin de Feu, Bistro Sur Le Boulevard",Marieville Heritage Inn,"Historic Walks, Local Farms, Cultural Festivals"
Montreal,Canada,Cultural,2600,4.9,9.1,"Joe Beef, Schwartz's Deli",Montreal Heritage Hotel,"Old Montreal, Notre-Dame Basilica, Fine Dining"
Rigaud,Canada,Cultural,2200,4.6,8.8,"Sucrerie de la Montagne, Chez Sauvé",Rigaud Country Inn,"Monastic Tours, Maple Syrup Tasting, Hiking"
Stockholm,Sweden,Cultural,2800,4.8,9.3,"Frantzén, Oaxen Slip",Stockholm Grand Hotel,"Gamla Stan, Vasa Museum, Archipelago Cruises"
Bayamón,Puerto Rico,Cultural,2300,4.7,8.8,"Los Gorditos, El Gigante Dormido",Bayamón Heritage Hotel,"Art Museum, Science Park, Local Cuisine"
Caguas,Puerto Rico,Cultural,2200,4.6,8.7,"Cayo Caribe, Lechonera El Rancho Original",Caguas Inn,"Botanical Garden, Local Arts Scene, Cultural Festivals"
Cayey,Puerto Rico,Cultural,2300,4.8,8.9,"Guavate Pork Highway, El Nuevo Rancho",Cayey Guest House,"Scenic Views, Hiking Trails, Food Tours"
Isabela,Puerto Rico,Relaxed,2400,4.8,9,"The Eclipse Restaurant, Tuluum",Isabela Beach Resort,"Beaches, Surfing, Relaxation"
Ponce,Puerto Rico,Cultural,2400,4.8,9.1,"Lola Eclectic Cuisine, Melao Coffee Shop",Ponce Cultural Hotel,"Museum of Art, Plaza Las Delicias, Historical Walks"
San Juan,Puerto Rico,Cultural,2600,4.9,9.2,"Marmalade, La Factoria",San Juan Heritage Hotel,"Old San Juan, El Morro, Beaches"
Vega Baja,Puerto Rico,Relaxed,2400,4.7,8.9,"Limo Viejo, Restaurante Mar Azul",Vega Baja Relax Inn,"Beaches, Scenic Drives, Sunset Views"
Osaka,Japan,Adventurous,2800,4.8,9.3,"Dotonbori Kukuru, Ichiran Ramen",Osaka Adventure Hotel,"Universal Studios, Osaka Castle, Food Tours"
Del Rio,United States,Relaxed,2200,4.6,8.7,"Cripple Creek Steakhouse, Manuel's Steakhouse",Del Rio Inn,"Amistad Reservoir, Historical Landmarks"
Rio Grande,United States,Relaxed,2300,4.7,8.8,"The Rio Grill, Los Comales",Rio Grande Resort,"Scenic Views, River Walks, Local Events"
Laredo,United States,Cultural,2200,4.7,8.8,"Palenque Grill, La Roca",Laredo Heritage Hotel,"Historical District, Markets, Cultural Sites"
Eagle Pass,United States,Cultural,2200,4.6,8.7,"Parrilla de San Miguel, La Parrilla Grill",Eagle Pass Cultural Inn,"Fort Duncan, Mall de las Aguilas, Food Tours"
Coahuila,Mexico,Cultural,2300,4.7,8.9,"Don Artemio, La Garufa",Coahuila Heritage Hotel,"Historic Tours, Local Wineries, Cultural Events"
Monterrey,Mexico,Cultural,2600,4.9,9.1,"Pangea, El Rey del Cabrito",Monterrey Grand Hotel,"Macroplaza, Fundidora Park, Museum Tours"
Tamaulipas,Mexico,Cultural,2400,4.7,8.8,"Mariscos el Bayo, Asador el Puente",Tamaulipas Heritage Inn,"Beaches, Local Cuisine, Historic Landmarks"
Jaisalmer,India,Cultural,2300,4.8,9.1,"Saffron, Jaisal Italy",Jaisalmer Heritage Hotel,"Golden Fort, Desert Safari, Local Handicrafts"
Jodhpur,India,Cultural,2400,4.7,8.9,"Indique, The Curry’s",Jodhpur Cultural Inn,"Mehrangarh Fort, Jaswant Thada, Clock Tower"
Udaipur,India,Cultural,2500,4.8,9.2,"Ambrai, Upre by 1559 AD",Udaipur Heritage Hotel,"City Palace, Lake Pichola, Folk Art Museum"
Kolkata,India,Cultural,2200,4.7,8.8,"6 Ballygunge Place, Oh! Calcutta",Kolkata Grand Hotel,"Victoria Memorial, Local Markets, Durga Puja"
Mumbai,India,Cultural,2600,4.9,9.1,"Leopold Café, Bombay Canteen",Mumbai Grand Hotel,"Gateway of India, Marine Drive, Bollywood Tours"
Seoul,South Korea,Cultural,2600,4.9,9.2,"Tosokchon, Gogung",Seoul Grand Hotel,"Gyeongbokgung Palace, Myeongdong, Han River Cruises"
Bali,Indonesia,Relaxed,2500,4.8,9,"Locavore, Mozaic",Bali Beach Resort,"Beaches, Rice Terraces, Yoga Retreats"
Jakarta,Indonesia,Cultural,2400,4.7,8.8,"Lara Djonggrang, Bandar Djakarta",Jakarta Cultural Inn,"National Monument, Old Town, Local Cuisine"
Barcelona,Spain,Cultural,2600,4.9,9.1,"Tickets, Can Culleretes",Barcelona Grand Hotel,"Sagrada Familia, Park Güell, Tapas Tour"
Beirut,Lebanon,Relaxed,2400,4.7,8.9,"Em Sherif, Barbar",Beirut Relax Inn,"Corniche, Pigeon Rocks, Local Cuisine"
Belfast,United Kingdom,Cultural,2400,4.7,8.9,"Mourne Seafood Bar, Ox Belfast",Belfast Heritage Hotel,"Titanic Museum, Belfast Castle, Botanic Gardens"
Dublin,United Kingdom,Cultural,2500,4.8,9.1,"The Boxty House, Chapter One",Dublin Cultural Inn,"Trinity College, Guinness Storehouse, Temple Bar"
Accra,Ghana,Cultural,2300,4.7,8.8,"Bistro 22, Skybar25",Accra Heritage Hotel,"Kwame Nkrumah Mausoleum, Local Markets, Beaches"
Adanwomase,Ghana,Cultural,2200,4.6,8.7,Local Ghanaian Cuisine Spot,Adanwomase Lodge,"Kente Weaving Tours, Village Walks, Cultural Exploration"
Ashanti,Ghana,Cultural,2300,4.7,8.9,"Ashanti BBQ Grill, Buka Restaurant",Ashanti Cultural Inn,"Lake Bosomtwe, Manhyia Palace, Traditional Ceremonies"
Beyin,Ghana,Relaxed,2400,4.8,9,"The Nzulezo Inn Restaurant, Local Seafood Spot",Beyin Beach Resort,"Nzulezo Stilt Village, Beaches, Relaxation"
Mole Game Reserve,Ghana,Adventurous,2600,4.8,9.2,"Mole Motel Restaurant, Local Cuisine Spot",Mole Eco Lodge,"Safari Tours, Wildlife Viewing, Hiking"
Nzulezo,Ghana,Adventurous,2400,4.7,9,"Local Dining Spot, Waterfront Café",Nzulezo Adventure Lodge,"Canoe Tours, Floating Village Exploration"
Portland,United States,Cultural,2500,4.8,9.1,"Le Pigeon, Pok Pok",Portland Heritage Inn,"Pittock Mansion, Powell's Books, Japanese Garden"
Seattle,United States,Cultural,2600,4.9,9.2,"Canlis, The Pink Door",Seattle Grand Hotel,"Pike Place Market, Space Needle, Museums"
Shelton,United States,Cultural,2300,4.7,8.8,"Smoking Mo's, The Strip Steakhouse",Shelton Inn,"Historical Downtown, Local Farms, Nature Trails"
Katutura,Namibia,Cultural,2200,4.6,8.7,Local Namibian Cuisine Spot,Katutura Guest House,"Cultural Market Tours, Historical Sites"
Khomas,Namibia,Cultural,2300,4.7,8.9,"Namibian Delights Café, Joe's Beerhouse",Khomas Heritage Inn,"Windhoek City Tours, Local Crafts, Cultural Festivals"
Walvis Bay,Namibia,Adventurous,2500,4.8,9.2,"The Raft, Anchors Waterfront",Walvis Bay Eco Lodge,"Dolphin Tours, Dune 7 Adventures, Bird Watching"
Windhoek,Namibia,Cultural,2400,4.7,8.9,"The Stellenbosch, Gathemann Restaurant",Windhoek Heritage Hotel,"National Museum, Christuskirche, Zoo Park"
Moscow,Russia,Cultural,2600,4.8,9.2,"White Rabbit, Café Pushkin",Moscow Grand Hotel,"Red Square, Kremlin, Bolshoi Theatre"
Los Angeles,United States,Adventurous,2800,4.9,9.3,"Nobu, République",LA Adventure Hotel,"Hollywood, Santa Monica, Griffith Observatory"
Dali,China,Cultural,2400,4.7,8.8,"Yunnan Cuisine Spot, Local Street Food",Dali Heritage Inn,"Erhai Lake, Three Pagodas, Ancient Town Walks"
Lijiang,China,Cultural,2500,4.8,9.1,"Banyan Tree Café, Local Hotpot Spot",Lijiang Cultural Lodge,"Old Town, Tiger Leaping Gorge, Local Music Scene"
Shanghai,China,Cultural,2600,4.9,9.3,"Ultraviolet, Din Tai Fung",Shanghai Grand Hotel,"The Bund, Yu Garden, Shanghai Tower"
Zhangdian,China,Cultural,2200,4.6,8.7,"Local Cuisine Spot, Zhangdian Café",Zhangdian Cultural Inn,"Ancient Streets, Cultural Shows, Local Temples"
São Paulo,Brazil,Cultural,2500,4.8,9.1,"D.O.M., Mocotó",São Paulo Grand Hotel,"Ibirapuera Park, São Paulo Museum of Art, Local Markets"
Pape'ete,Tahiti,Relaxed,2600,4.9,9.2,"Le Lotus, The Royal Tahitian",Tahiti Beach Resort,"Beaches, Lagoon Tours, Pearl Farms"
Rangiroa,Tuamotu,Adventurous,2800,4.9,9.3,"Local Dining Spot, Rangiroa Restaurant",Rangiroa Adventure Inn,"Diving, Lagoon Exploration, Snorkeling"
Hiva Oa Tahuata,French Polynesia,Adventurous,2700,4.8,9.2,Local Polynesian Cuisine Spot,Hiva Oa Eco Lodge,"Island Hiking, Archeological Sites, Scenic Views"
Cleveland,United States,Cultural,2400,4.7,8.9,"Lola Bistro, Slyman's Deli",Cleveland Heritage Hotel,"Rock & Roll Hall of Fame, Cleveland Museum of Art, Local Dining"
Hong Kong,China,Relaxed,2500,4.8,9,"Tim Ho Wan, Maxim's Palace",Hong Kong Island Resort,"Victoria Peak, Tsim Sha Tsui, Ferry Rides"
Buenos Aires,Argentina,Cultural,2500,4.8,9.1,"Don Julio, El Pobre Luis",Buenos Aires Grand Hotel,"Recoleta, Tango Shows, Local Cuisine"
Charleston,United States,Cultural,2400,4.8,9,"Husk, Fig",Charleston Heritage Inn,"Historic District, Waterfront Park, Local Dining"
Tuscany,Italy,Relaxed,2700,4.9,9.2,"La Pergola, Osteria Francescana",Tuscany Villa,"Wine Tours, Countryside Relaxation, Historic Towns"
Danbury,United States,Cultural,2200,4.6,8.7,"Barbarie's Grill, The Cue",Danbury Inn,"Local Museums, Candlewood Lake, Historic Landmarks"
Berlin,Germany,Cultural,2500,4.8,9.1,"Tim Raue, Rutz",Berlin Grand Hotel,"Berlin Wall, Brandenburg Gate, Museum Island"
Vancouver,Canada,Cultural,2600,4.9,9.2,"Blue Water Café, Miku",Vancouver Heritage Hotel,"Stanley Park, Granville Island, Local Dining"
Crete,Greece,Relaxed,2500,4.8,9,"Taverna Koutouloufari, Avli Restaurant",Crete Resort,"Beaches, Ancient Ruins, Local Wineries"
Zakynthos,Greece,Relaxed,2400,4.7,8.9,"Taverna Vassilis, Porto Limnionas Tavern",Zakynthos Beach Hotel,"Shipwreck Beach, Blue Caves, Relaxation"
New Orleans,United States,Relaxed,2500,4.8,9.1,"Commander's Palace, Cochon",New Orleans Heritage Inn,"French Quarter, Jazz Clubs, Local Cuisine"
London,United Kingdom,Adventurous,2800,4.9,9.3,"The Ledbury, Sketch",London Adventure Hotel,"Tower of London, Thames Cruises, Shopping"
Edinburgh,United Kingdom,Cultural,2500,4.8,9.1,"The Witchery, Ondine",Edinburgh Heritage Hotel,"Edinburgh Castle, Arthur's Seat, Royal Mile"
Kingston,Jamaica,Cultural,2300,4.7,8.9,"Devon House, Gloria's Seafood",Kingston Cultural Inn,"Bob Marley Museum, Devon House, Blue Mountains"
Bucharest,Romania,Cultural,2400,4.7,8.9,"Caru' cu Bere, Hanu' Berarilor",Bucharest Grand Hotel,"Palace of Parliament, Old Town, Local Markets"
Brașov,Romania,Cultural,2300,4.6,8.8,"Restaurant Sergiana, La Ceaun",Brașov Heritage Inn,"Bran Castle, Mount Tampa, Historic Churches"
Honolulu,United States,Relaxed,2600,4.9,9.2,"Alan Wong's, Duke's Waikiki",Honolulu Beach Hotel,"Waikiki Beach, Diamond Head, Cultural Sites"
Kapolei,United States,Relaxed,2500,4.8,9.1,"Monkeypod Kitchen, Roy's Ko Olina",Kapolei Resort,"Beaches, Golf Courses, Sunset Views"
North Shore,United States,Relaxed,2400,4.7,9,"Giovanni's Shrimp Truck, Haleiwa Beach House",North Shore Resort,"Surfing, Beaches, Local Food Trucks"
Koloa,United States,Relaxed,2500,4.8,9.1,"Beach House Restaurant, Merriman's Kauai",Koloa Beach Resort,"Poipu Beach, Spouting Horn, Scenic Views"
Manhattan,United States,Cultural,2800,4.9,9.3,"Per Se, Eleven Madison Park",Manhattan Luxury Hotel,"Broadway, Times Square, Central Park"
Vientiane,Laos,Cultural,2300,4.7,8.8,"Kualao Restaurant, Lao Kitchen",Vientiane Heritage Inn,"Patuxai, Pha That Luang, Local Markets"
Medellín,Colombia,Cultural,2300,4.6,8.8,"El Cielo, Carmen",Medellín Grand Hotel,"Comuna 13, Cable Cars, Local Food Tours"
Cartagena,Colombia,Cultural,2400,4.7,8.9,"La Cevicheria, Carmen Cartagena",Cartagena Heritage Hotel,"Old Town, Rosario Islands, Beaches"
Jeddah,Saudi Arabia,Cultural,2600,4.8,9.2,"Al Nakheel, Toki",Jeddah Cultural Inn,"Corniche, Old Town, Floating Mosque"
Cabo Polonio,Uruguay,Relaxed,2200,4.6,8.7,"Local Beach Café, Cabo Polonio Lighthouse Café",Cabo Polonio Eco Lodge,"Beaches, Lighthouse, Stargazing"
Garzón,Uruguay,Relaxed,2300,4.7,8.8,"Restaurant Garzón, Local Vineyard Dining",Garzón Boutique Hotel,"Vineyards, Relaxing Countryside, Cultural Tours"
Jose Ignacio,Uruguay,Adventurous,2500,4.8,9.1,"La Huella, Marismo",Jose Ignacio Adventure Lodge,"Beaches, Kite Surfing, Sunset Tours"
Lavalleja,Uruguay,Relaxed,2400,4.7,8.9,"Local Steakhouse, Lavalleja Café",Lavalleja Nature Retreat,"Hiking Trails, Waterfalls, Scenic Views"
Montevideo,Uruguay,Cultural,2600,4.8,9.2,"La Cocina de Pedro, La Otra Parrilla",Montevideo Heritage Hotel,"Old Town, Mercado del Puerto, Museums"
Green Valley,United States,Relaxed,2300,4.6,8.7,"Arizona Family Restaurant, La Placita Café",Green Valley Inn,"Desert Walks, Relaxing Resorts, Stargazing"
Phoenix,United States,Cultural,2500,4.8,9.1,"Kai Restaurant, Little Miss BBQ",Phoenix Heritage Hotel,"Desert Botanical Garden, Heard Museum, Local Dining"
Indio,United States,Cultural,2400,4.7,8.8,"Tack Room Tavern, Shields Date Garden",Indio Cultural Lodge,"Music Festivals, Historical Sites, Nature Walks"
Salton Sea,United States,Adventurous,2200,4.6,8.7,"Local Cuisine Spot, Nature Café",Salton Sea Eco Lodge,"Nature Tours, Bird Watching, Historical Sites"
Niland,United States,Adventurous,2300,4.7,8.8,"Local Dining Spot, Niland Café",Niland Adventure Lodge,"Salvation Mountain, Desert Art Installations, Exploration"
Palm Springs,United States,Relaxed,2600,4.9,9.2,"Workshop Kitchen, Spencer's Restaurant",Palm Springs Resort,"Spa Resorts, Aerial Tramway, Golf Courses"
Bombay Beach,United States,Adventurous,2300,4.7,8.8,"Local Art Café, Bombay Beach Diner",Bombay Beach Adventure Lodge,"Art Installations, Desert Exploration, Scenic Views"
Abiquiu,United States,Adventurous,2400,4.8,9,"Local Cuisine Spot, Abiquiu Café",Abiquiu Adventure Lodge,"Ghost Ranch, Hiking Trails, Scenic Drives"
Hatch,United States,Cultural,2200,4.6,8.7,"Pepper Pot, Hatch Chile Café",Hatch Cultural Inn,"Chile Farms, Local Markets, Cultural Tours"
Amarillo,United States,Cultural,2400,4.7,8.9,"The Big Texan Steak Ranch, Crush",Amarillo Heritage Hotel,"Cadillac Ranch, Palo Duro Canyon, Historic Route 66"
Woodway,United States,Cultural,2200,4.6,8.7,"Local Cuisine Spot, Woodway Café",Woodway Inn,"Nature Trails, Historical Sites, Cultural Events"
Waco,United States,Cultural,2300,4.7,8.8,"Magnolia Table, Buzzard Billy's",Waco Cultural Lodge,"Waco Suspension Bridge, Dr Pepper Museum, Local Markets"
Tokyo,Japan,Relaxed,2700,4.9,9.3,"Sukiyabashi Jiro, Ichiran Ramen",Tokyo Grand Hotel,"Shinjuku Gyoen, Akihabara, Sensō-ji Temple"
Barcelona,Spain,Adventurous,2800,4.9,9.3,"Tickets, El Nacional",Barcelona Adventure Hotel,"Sagrada Familia, Park Güell, Las Ramblas"
Basque Country,Spain,Cultural,2500,4.8,9.1,"Asador Etxebarri, Mugaritz",Basque Boutique Hotel,"Guggenheim Museum, Local Markets, Countryside Views"
Catalonia,Spain,Cultural,2400,4.7,8.9,"Can Roca, Catalan Bistro",Catalonia Cultural Lodge,"Historic Sites, Countryside Tours, Local Cuisine"
San Sebastian,Spain,Relaxed,2600,4.8,9.2,"Bar Nestor, Arzak",San Sebastian Resort,"Beaches, Scenic Walks, Local Dining"
Cairo,Egypt,Cultural,2500,4.8,9.1,"Abou El Sid, Felfela",Cairo Heritage Hotel,"Pyramids, Egyptian Museum, Khan el-Khalili Market"
Luxor,Egypt,Cultural,2400,4.7,8.9,"Sofra, Al-Sahaby Lane",Luxor Grand Hotel,"Valley of the Kings, Karnak Temple, Nile Cruises"
Seds,Egypt,Adventurous,2300,4.6,8.7,"Local Cuisine Spot, Desert Café",Seds Adventure Lodge,"Desert Exploration, Historical Sites, Scenic Views"
Manhattan,United States,Relaxed,2800,4.9,9.3,"Per Se, Eleven Madison Park",Manhattan Luxury Hotel,"Broadway, Times Square, Central Park"
Mexico City,Mexico,Adventurous,2600,4.9,9.3,"Pujol, Contramar",Mexico City Adventure Hotel,"Frida Kahlo Museum, Xochimilco, Teotihuacan Pyramids"
Puebla,Mexico,Relaxed,2400,4.8,9,"El Mural de los Poblanos, La Noria",Puebla Heritage Inn,"Historic Center, Puebla Cathedral, Local Cuisine"
Venice,Italy,Cultural,2700,4.9,9.2,"Antiche Carampane, Osteria alle Testiere",Venice Grand Hotel,"Canals, St. Mark's Basilica, Doge's Palace"
Washington,United States,Cultural,2500,4.8,9.1,"The Inn at Little Washington, Ben's Chili Bowl",Washington Heritage Hotel,"National Mall, Smithsonian Museums, Historical Sites"
Azores,Portugal,Relaxed,2400,4.7,8.9,"Local Dining Spot, Azores Café",Azores Beach Resort,"Beaches, Hot Springs, Whale Watching"
Azores,Portugal,Adventurous,2500,4.8,9.1,"Adventure Cuisine Spot, Azores Adventure Café",Azores Adventure Lodge,"Hiking, Canyoning, Volcanic Exploration"
Chicago,United States,Adventurous,2600,4.9,9.3,"Alinea, Girl & The Goat",Chicago Adventure Hotel,"Skydeck Chicago, Navy Pier, Millennium Park"
Cebu,Philippines,Adventurous,2400,4.7,9,"Abaca, Casa Verde",Cebu Adventure Lodge,"Kawasan Falls, Whale Shark Diving, Island Hopping"
Manila,Philippines,Cultural,2300,4.6,8.9,"Ristorante Delle Mitre, Cafe Adriatico",Manila Grand Hotel,"Intramuros, Rizal Park, Cultural Shows"
Pampanga,Philippines,Cultural,2200,4.6,8.7,"Everybody's Café, Bale Dutung",Pampanga Heritage Inn,"Local Cuisine Tours, Churches, Cultural Events"
Colombo,Sri Lanka,Cultural,2400,4.7,8.9,"Ministry of Crab, Upali's",Colombo Grand Hotel,"Gangaramaya Temple, Galle Face Green, Local Markets"
Ho Chi Minh City,Vietnam,Relaxed,2300,4.6,8.7,"The Deck Saigon, Propaganda Bistro",Ho Chi Minh City Resort,"War Remnants Museum, Cu Chi Tunnels, Ben Thanh Market"
Hội An,Vietnam,Relaxed,2200,4.6,8.8,"Morning Glory, Mango Mango",Hội An Boutique Hotel,"Ancient Town, Tailor Shops, Beaches"
Santiago,Chile,Cultural,2500,4.8,9.1,"Bocanáriz, Peumayén",Santiago Grand Hotel,"Plaza de Armas, Cerro San Cristóbal, Local Markets"
Vina del Mar,Chile,Relaxed,2400,4.7,8.9,"Café Journal, Castillo del Mar",Vina del Mar Resort,"Beaches, Flower Clock, Scenic Walks"
Cebu,Philippines,Adventurous,1800,4.5,9.2,"Lantaw Native Restaurant, Rico's Lechon",Shangri-La's Mactan Resort & Spa,"Beaches, Diving, Historical Sites"
Manila,Philippines,Cultural,1500,4.4,8.9,"Barbara's Heritage Restaurant, The Aristocrat",The Manila Hotel,"Museums, Historical Sites, Shopping"
Pampanga,Philippines,Cultural,1600,4.3,8.6,"Apag Marangle, Razon's",Midori Clark Hotel,"Food Tours, Cultural Festivals, Museums"
Manhattan,United States,Cultural,4000,4.8,10,"Katz's Delicatessen, Le Bernardin",The Plaza Hotel,"Broadway Shows, Museums, Central Park"
Colombo,Sri Lanka,Cultural,1300,4.2,7.8,"Ministry of Crab, The Gallery Café",Cinnamon Grand Colombo,"Temples, Cultural Sites, Beaches"
Ho Chi Minh City,Vietnam,Relaxed,1000,4.5,8.5,"Pho 2000, Bún Chả 145",InterContinental Saigon,"Historical Sites, Markets, Nightlife"
Hội An,Vietnam,Relaxed,900,4.7,8.4,"Morning Glory, Cargo Club",Anantara Hoi An Resort,"Ancient Town, Lantern Festival, Beaches"
Santiago,Chile,Cultural,1800,4.6,9,"La Vega Central, Liguria",Hotel Cumbres,"Museums, Historical Sites, Parks"
Vina del Mar,Chile,Relaxed,1500,4.4,8.3,"Castillo del Mar, Café Vinilo",Hotel Oceanic,"Beaches, Parks, Botanical Gardens"
Valparaiso,Chile,Cultural,1700,4.5,8.9,"Café Turri, La Concepción",Casa Higueras,"Street Art, Historic Sites, Nightlife"
Cliffs Preserve,"Patagonia, Chile",Adventurous,2500,4.8,8.2,Restaurante de Patagonia,Hotel Salto Chico,"Hiking, Glaciers, Nature Reserves"
Puerto Montt,Chile,Relaxed,1400,4.3,8.1,"La Casa de los Mariscos, El Fogón de Pepe",Hotel Vicente Pérez Rosales,"Lakes, Volcanoes, Beaches"
Puerto Varas,Chile,Relaxed,1600,4.6,8.7,"La Olla, El Barranco",Cabañas del Lago,"Lakeside, Hiking, Volcano Views"
Melbourne,Australia,Relaxed,2200,4.6,9.3,"Chin Chin, Attica",The Langham,"Cultural Festivals, Parks, Cafes"
Baltimore,United States,Cultural,1700,4.3,8.5,"The Prime Rib, Woodberry Kitchen",Four Seasons Hotel Baltimore,"Museums, Harbor, Aquarium"
Detroit,United States,Cultural,1600,4.2,8.1,"Slows Bar BQ, Duly's Place",MotorCity Casino Hotel,"Museums, Arts District, Music Scene"
Buffalo,United States,Cultural,1400,4,7.9,"Anchor Bar, The Left Bank",The Mansion on Delaware Avenue,"Niagara Falls, Museums, Historical Sites"
San Francisco,United States,Adventurous,3000,4.7,9.5,"The Slanted Door, Zuni Café",Fairmont Hotel,"Golden Gate Bridge, Alcatraz, Hiking Trails"
Bangkok,Thailand,Adventurous,1200,4.5,9,"Jay Fai, Bo.lan",Mandarin Oriental,"Temples, Markets, Street Food"
Phuket,Thailand,Relaxed,1400,4.6,8.6,"Blue Elephant, Ka Jok See",The Nai Harn,"Beaches, Nightlife, Water Sports"
Livingston,United States,Relaxed,1800,4.4,7.7,"Local Diner, Livingston's Cafe",The Livingston Inn,"Scenic Views, Hiking, Trout Fishing"
Staten Island,United States,Relaxed,1600,4.3,7.5,"Denino's Pizzeria, The Royal Whale",Hilton Garden Inn,"Parks, Beaches, Staten Island Ferry"
Queens,United States,Cultural,1900,4.6,8.8,"Lena, Jackson Diner",The Parc Hotel,"Museums, Parks, Cultural Festivals"
Brooklyn,United States,Cultural,2200,4.7,9,"Peter Luger Steakhouse, Di Fara Pizza",The William Vale,"Brooklyn Bridge, Art Galleries, Coney Island"
The Bronx,United States,Cultural,1800,4.2,8,"Roberto's, Bronx Alehouse",The Opera House Hotel,"Yankee Stadium, Botanical Gardens, Zoo"
Sardinia,Italy,Relaxed,2500,4.8,8.4,"Ristorante Dal Corsaro, Trattoria Lillicu",Forte Village Resort,"Beaches, Archaeological Sites, Hiking"
Panama City,Panama,Cultural,1600,4.5,8.7,"Restaurante Las Bóvedas, El Trapiche",The Bristol Panama,"Casco Viejo, Panama Canal, Museums"
Istanbul,Turkey,Cultural,1800,4.7,9.1,"Ciya Sofrasi, Mikla",Four Seasons Hotel Istanbul,"Hagia Sophia, Blue Mosque, Grand Bazaar"
Brittany,France,Relaxed,2000,4.6,8.3,"La Crêperie Saint-Germain, Le Coq d'Or",Le Grand Hôtel,"Beaches, Lighthouses, Breton Villages"
Prague,Czech Republic,Cultural,1500,4.6,9.2,"V Kolkovně, Lokál",Alchymist Grand Hotel & Spa,"Prague Castle, Old Town, Charles Bridge"
Hudson Valley,United States,Relaxed,2000,4.5,8.2,"The Culinary Institute of America, The Amsterdam",The Emerson Resort & Spa,"Hiking, Vineyards, Scenic Views"
Guayaquil,Ecuador,Cultural,1400,4.3,8,"La Panka, El Fortín",Hotel Continental,"Museums, Historical Sites, Shopping"
Quito,Ecuador,Cultural,1300,4.4,8.2,"La Ronda, Los Gatos",Hotel Plaza Grande,"Historical Sites, Mountains, Markets"
Harbin,China,Cultural,1200,4.5,7.8,"Dongfang Jiaozi Wang, Laofangzi",Sofitel Harbin,"Ice Festival, Russian Architecture, Siberian Tiger Park"
Provence,France,Relaxed,2400,4.7,8.5,"Le Bistrot du Paradou, L'Oustau de Baumanière",Château de Fonscolombe,"Lavender Fields, Vineyards, Villages"
Dalat,Vietnam,Relaxed,1000,4.6,8.4,"The Chicken Village, Ganesh Indian Restaurant",Ana Mandara Villas Dalat,"Waterfalls, Lakes, Coffee Plantations"
Hanoi,Vietnam,Relaxed,1100,4.5,8.3,"Bún Chả, Quan An Ngon",Sofitel Legend Metropole,"Lakes, Temples, Night Markets"
Rockland,United States,Relaxed,1600,4.4,7.6,"Seafood Shack, The Lobster Shack",Samoset Resort,"Beaches, Hiking, Scenic Views"
Portland,United States,Relaxed,1800,4.6,8.8,"Pok Pok, Salt & Straw",The Nines Hotel,"Parks, Craft Breweries, Art Galleries"
Petit Saint Vincent,Saint Vincent and the Grenadines,Relaxed,3500,4.9,9,"The Beach Bar, The Sea Grape",Petit Saint Vincent Resort,"Beaches, Snorkeling, Private Island"
Happy Island,Saint Vincent and the Grenadines,Relaxed,3000,4.8,8.9,"Happy Island Restaurant, The Palm Restaurant",Happy Island Resort,"Beaches, Snorkeling, Secluded Relaxation"
Union Island,Saint Vincent and the Grenadines,Relaxed,2800,4.7,8.5,"The Island Café, The Sunset Grill",The Palm Island Resort,"Beaches, Hiking, Water Sports"
Bequai,Saint Vincent and the Grenadines,Relaxed,2700,4.6,8.3,"The Old Hegg Turtle Sanctuary, The Fig Tree",Bequia Beach Hotel,"Beaches, Wildlife, Historical Sites"
Saint Vincent and the Grenadines,Saint Vincent and the Grenadines,Relaxed,3200,4.8,9,"Local Creole Restaurant, The Beach Café",The Grenadines Resort,"Beaches, Snorkeling, Hiking"
Denver,United States,Cultural,2200,4.7,9.2,"The Denver ChopHouse, Sushi Den",The Ritz-Carlton Denver,"Museums, Parks, Hiking"
Livonia,United States,Relaxed,1500,4.3,7.5,"Hometown Bar-B-Que, The Table",DoubleTree by Hilton Hotel Detroit,"Parks, Lakes, Scenic Drives"
Minneapolis,United States,Adventurous,1900,4.6,8.7,"The Bachelor Farmer, Young Joni",Radisson Blu Minneapolis,"Hiking, Canoeing, Live Music"
Columbus,United States,Cultural,1700,4.4,8.6,"The Pearl, El Camino",The Westin Columbus,"Museums, Historical Sites, Shopping"
Austin,United States,Cultural,2000,4.8,9.5,"Franklin Barbecue, Uchi",The Driskill Hotel,"Live Music, Food Festivals, Outdoor Activities"
Milwaukee,United States,Cultural,1600,4.2,8,"The Milwaukee Public Market, Lakefront Brewery",Potawatomi Hotel & Casino,"Museums, Brewers Stadium, Nightlife"
Monrovia,Liberia,Cultural,1500,4.3,7.9,"Mamba Point Restaurant, The Golden Beach",The Royal Hotel,"Cultural Sites, Beaches, Markets"
Robertsport,Liberia,Relaxed,1000,4.4,7.5,"Robertsport Beach Restaurant, The Surf Shack",The Robertsport Beach Resort,"Beaches, Surfing, Nature"
Kerala,India,Cultural,1700,4.7,8.8,"The French Toast, Sree Gokulam Vanamala",The Leela Kovalam Beach,"Backwaters, Temples, Spice Gardens"
Dubai,United Arab Emirates,Cultural,2500,4.8,9.4,"Al Hadheerah, At.mosphere",Burj Al Arab Jumeirah,"Burj Khalifa, Shopping, Desert Safaris"
Rome,Italy,Cultural,3000,4.9,9.6,"La Pergola, Roscioli",Hotel de Russie,"Colosseum, Vatican City, Trevi Fountain"
Beirut,Lebanon,Cultural,2000,4.5,8.9,"Tawlet, Al Falamanki",Le Gray,"Beaches, Historical Sites, Nightlife"
Paris,France,Relaxed,3500,4.9,9.8,"Le Jules Verne, L'As du Fallafel",Le Meurice,"Eiffel Tower, Museums, Parks"
Madrid,Spain,Cultural,2200,4.7,9.2,"Sobrino de Botín, Mercado de San Miguel",The Westin Palace,"Palace, Museums, Flamenco"
Port-au-Prince,Haiti,Cultural,1200,4.1,7.5,"Le Coin Chéri, La Maison de la Soup",Hotel Karibe,"Museums, Markets, Historical Sites"
Kampot,Cambodia,Relaxed,1100,4.3,8.5,"Rikitikitavi, Kampot's Best Restaurant",The Columns,"River Cruises, Kampot National Park, Pepper Plantations"
Kep,Cambodia,Relaxed,1000,4.4,8.3,"Kep Lodge, Holy Crab Restaurant",Kep Seafront Hotel,"Beaches, Crab Market, Kep National Park"
Phnom Penh,Cambodia,Adventurous,1200,4.5,8.7,"Romdeng, Malis Restaurant",Sunway Hotel Phnom Penh,"Historical Sites, Killing Fields, Museums"
Siem Reap,Cambodia,Adventurous,1500,4.7,9,"The Red Piano, Meric Khmer Cuisine",Shinta Mani Shack,"Angkor Wat, Temples, Floating Villages"
Esteli,Nicaragua,Cultural,900,4.2,7.9,"La Casa de la Mujer, El Bosque",Hotel Los Arcos,"Cultural Tours, Tobacco Farms, Waterfalls"
Granada,Nicaragua,Cultural,1000,4.4,8.1,"Restaurante El Zaguan, Tercer Ojo",Hotel Alhambra,"Colonial Architecture, Lake Cocibolca, Volcano Tours"
Managua,Nicaragua,Cultural,950,4.1,7.8,"La Cocina de Doña Haydee, El Timon",Barceló Managua,"Museums, Lake Xolotlan, Parks"
Vienna,Austria,Cultural,2500,4.8,9.5,"Figlmüller, Steirereck",The Ritz-Carlton,"Opera House, Palaces, Museums"
West Plains,United States,Relaxed,1300,4.2,7.5,"The Shed, West Plains Brewing Co.",Hampton Inn,"Outdoor Activities, Ozark Scenic Views"
Belém,Brazil,Cultural,1200,4.3,8.2,"Doca de Feijão, Estrela do Pará",Hotel Radisson,"Historic Sites, Markets, Museums"
Boston,United States,Cultural,2500,4.6,9,"Neptune Oyster, Union Oyster House",The Langham,"Freedom Trail, Museums, Historical Sites"
Sapporo,Japan,Relaxed,1800,4.3,8.4,"Ramen Santoka, Soup Curry GARAKU",Sapporo Grand Hotel,"Sapporo Snow Festival, Skiing, Hot Springs"
Havana,Cuba,Cultural,1300,4.5,8.9,"La Guarida, El Cocinero",Hotel Nacional de Cuba,"Old Havana, Beaches, Music Venues"
Macau,China,Cultural,2200,4.7,9.2,"Robuchon au Dôme, Fernando's",The Venetian Macao,"Casinos, Ruins of St. Paul's, Macau Tower"
Naples,Italy,Cultural,2100,4.6,9.3,"L'Antica Pizzeria da Michele, Trattoria da Nennella",Grand Hotel Vesuvio,"Pompeii, Amalfi Coast, Historic City Center"
Roses,Spain,Relaxed,1400,4.2,8,"El Canyisset, La Cuina de l'Avia",Hotel Terraza,"Beaches, Botanical Gardens, Windsurfing"
Pioneertown,United States,Adventurous,1800,4.4,8.6,Pappy & Harriet's Pioneertown Palace,Pioneertown Motel,"Old West Set, Hiking, Joshua Tree"
Joshua Tree,United States,Adventurous,1600,4.5,8.8,"Pappy & Harriet's, Crossroads Café",Joshua Tree Inn,"Joshua Tree National Park, Rock Climbing"
Rancho Mirage,United States,Relaxed,1700,4.3,8.2,"The Restaurant at Agua Caliente, Roy's",The Ritz-Carlton,"Golf, Spas, Shopping"
Coachella,United States,Adventurous,2000,4.6,9.1,"La Quinta Brewing Co., The Coop",Holiday Inn Express,"Music Festivals, Desert Views, Hiking"
Chernobyl,Ukraine,Adventurous,2500,4.7,8.9,"Chernobyl Cafe, The Pripyat Hotel",Chernobyl Hostel,"Abandoned Buildings, Nuclear Tour, Historical Sites"
Crimea,Ukraine,Adventurous,2200,4.5,8.8,"Sushi Master, Chekhov Cafe",Hotel Sevastopol,"Black Sea Beaches, Yalta, Historical Sites"
Chester,United States,Relaxed,1500,4.1,7.7,"Scoop's, Outback Steakhouse",Holiday Inn,"Outdoor Activities, Parks, Historic Sites"
Soran,Iraq,Cultural,1800,4.2,8.3,"Soran Restaurant, Kawa Café",Kurdistan Hotel,"Cultural Sites, Mountains, Kurdish History"
Erbil,Iraq,Cultural,1700,4.4,8.6,"Divan Hotel, Haji Huseyin Restaurant",Erbil Rotana Hotel,"Erbil Citadel, Cultural Centers, Museums"
Derik,Turkey,Cultural,1600,4.3,8.5,"Hira Restaurant, Sîrwan Restaurant",Derik Hotel,"Cultural Landmarks, Hiking, Kurdish Culture"
New Orleans,United States,Cultural,2300,4.8,9.4,"Café du Monde, Commander’s Palace",The Roosevelt New Orleans,"French Quarter, Jazz, Historic Sites"
Breaux Bridge,United States,Relaxed,1300,4,7.5,"Cafe Des Amis, Poche's Market",Holiday Inn Express,"Swamp Tours, Cajun Culture, Outdoor Activities"
Metairie,United States,Relaxed,1200,4.2,7.8,"The Bonfire, Acme Oyster House",Holiday Inn,"Parks, Shopping, Family-friendly Activities"
Singapore,Singapore,Cultural,3000,4.9,9.7,"Marina Bay Sands, Maxwell Food Centre",Raffles Hotel,"Gardens by the Bay, Marina Bay Sands, Chinatown"
New York,United States,Adventurous,3500,4.8,9.9,"The Spotted Pig, Momofuku Noodle Bar",The Plaza Hotel,"Times Square, Central Park, Broadway"
Rome,Italy,Relaxed,2000,4.7,9,"Pizzeria Ai Marmi, Da Enzo al 29",Hotel Artemide,"Colosseum, Vatican, Roman Forum"
Miami,United States,Relaxed,2200,4.6,9.2,"Joe's Stone Crab, Versailles",The Setai,"Beaches, Art Deco District, Nightlife"
Hong Kong,China,Cultural,2500,4.8,9.3,"Tim Ho Wan, Joy Hing",The Ritz-Carlton,"Victoria Peak, Markets, Cultural Sites"
Montreal,Canada,Relaxed,1800,4.4,8.6,"Schwartz’s Deli, Toqué!",Fairmont The Queen Elizabeth,"Mount Royal, Museums, Old Montreal"
Amsterdam,Netherlands,Cultural,2300,4.7,9.5,"The Pancake Bakery, De Kas",The Dylan Amsterdam,"Rijksmuseum, Anne Frank House, Canals"
San Francisco,United States,Cultural,2700,4.8,9.6,"Boudin Bakery, Zuni Café",Fairmont,"Golden Gate Bridge, Alcatraz, Museums"
London,United Kingdom,Cultural,2900,4.8,9.7,"The Ledbury, Dishoom",The Ritz London,"Buckingham Palace, The British Museum, West End"
Los Angeles,United States,Cultural,2800,4.7,9.6,"In-N-Out Burger, Bestia",The Beverly Hills Hotel,"Hollywood, Beaches, Museums"
Beira,Mozambique,Cultural,1400,4.1,7.9,"Restaurante Ilha de Moçambique, Dona Ginga",Hotel Tivoli,"Beaches, Markets, Historical Sites"
Maputo,Mozambique,Cultural,1500,4.3,8.2,"Sagres, The Dock",Polana Serena Hotel,"Beaches, Cultural Sites, Markets"
Mozambique Island,Mozambique,Relaxed,1300,4.4,8.5,"Restaurante Marisqueira, Ilha de Moçambique",Hotel Solar de Moçambique,"Beaches, Historical Sites, Diving"
Kansas City,United States,Relaxed,1600,4.2,8.1,"Joe's Kansas City Bar-B-Q, The Capital Grille",21c Museum Hotel,"Music, Museums, Parks"
Motovun,Croatia,Cultural,1400,4.5,8.7,"Konoba Mondo, Most",Villa Borgo,"Medieval Village, Truffle Tours, Wine"
Skradin,Croatia,Relaxed,1200,4.3,8,"Konoba Toni, Skrapa",Hotel Skradin,"Krka National Park, River Cruises"
Zadar,Croatia,Cultural,1500,4.6,8.8,"Pet Bunara, Konoba Skoblar",Falkensteiner Hotel,"Roman Ruins, Sea Organ, Sunsets"
Lisbon,Portugal,Cultural,2200,4.7,9.4,"Time Out Market, Ramiro",Pestana CR7 Lisboa,"Belem Tower, Alfama, Tram 28"
Hakusan City,Japan,Relaxed,1700,4.4,8.2,"Sushi Ya, Ramen Nozomi",Hakusan Hotel,"Skiing, Hot Springs, Mount Hakusan"
Kaga,Japan,Relaxed,1600,4.3,8.3,"Kaga Hyakumangoku, Maru Sushi",Yamanaka Onsen,"Onsen, Kaga Yuzen, Mount Hakusan"
Kanazawa,Japan,Cultural,1900,4.5,8.7,"Fumuroya, Sushi Ippei",Kanazawa Tokyu Hotel,"Kenrokuen, Kanazawa Castle, Geisha District"
Tokyo,Japan,Cultural,2800,4.9,9.8,"Sukiyabashi Jiro, Narisawa",The Peninsula Tokyo,"Shibuya Crossing, Tsukiji Fish Market, Temples"
Helsinki,Finland,Relaxed,1800,4.3,8.1,"Restaurant Olo, Savotta",Hotel Kämp,"Saunas, Suomenlinna, Parks"
Ensenada,Mexico,Relaxed,1300,4.4,8.2,"La Guerrerense, El Rey Sol",Hotel Coral & Marina,"Wineries, Beaches, Outdoor Activities"
Tijuana,Mexico,Cultural,1200,4.2,8,"Caesar's Restaurant, Telefonica Gastropark",Hotel Tijuana,"Cultural Sites, Food Tours, Nightlife"
Penang,Malaysia,Relaxed,1400,4.3,8.6,"Street Food, Kebaya",Eastern & Oriental Hotel,"Beaches, Temples, Food Tours"
Austin,United States,Cultural,2500,4.7,9,"Franklin Barbecue, Uchi",The Driskill,"Live Music, Museums, Barton Springs"
Sydney,Australia,Relaxed,3000,4.8,9.5,"Quay, Tetsuya’s",The Langham,"Sydney Opera House, Beaches, Harbour"
Bologna,Italy,Cultural,2200,4.7,9.2,"Osteria dell'Orsa, Trattoria di Via Serra",Art Hotel Commercianti,"Piazza Maggiore, Medieval Towers, Museums"
Modena,Italy,Cultural,2300,4.6,9.1,"Osteria Francescana, Trattoria Aldina",Hotel Rua Frati Minori,"Modena Cathedral, Ferrari Museum"
Polesine Parmense,Italy,Relaxed,1500,4.3,7.9,"La Trattoria del Gallo, Antica Osteria del Po",Agriturismo Ca’ del Lupo,"Po River, Rural Villages, Parmesan Cheese Tours"
Auxerre,France,Relaxed,1800,4.4,8,"Le Bistrot de la Cité, Le Coq de la Place",Hotel Normandie,"Historical Sites, Abbey of Saint-Germain, Yonne River"
Beaune,France,Relaxed,1900,4.6,8.3,"Le Bistro des Cocottes, La Table de Guigone",Hotel Le Cep,"Wine Tasting, Hospices de Beaune, Vineyards"
Morey-Saint-Denis,France,Relaxed,1700,4.5,8.1,"La Table de Pierre, Le Comte de Morey",Château de Morey,"Vineyards, Wine Cellars, Burgundy Wine"
Noyers,France,Relaxed,1600,4.3,7.8,"Le Comptoir de Noyers, L'Escargot",Auberge de Noyers,"Medieval Village, Wine Tours, Historical Sites"
Nuits-Saint-Georges,France,Relaxed,1700,4.4,8,"Le Clos de la Vigne, La Table des Caves",Hotel Restaurant Le Clos,"Vineyards, Wine Cellars, Village Walks"
Pacy-sur-Armançon,France,Relaxed,1500,4.2,7.7,"Le Saint-Georges, Le Bar du Marché",Hotel de la Gare,"Cultural Landmarks, Hiking, River Walks"
Saint-Père,France,Relaxed,1400,4.1,7.6,"L'Auberge de Saint-Père, Le Moulin",Hotel Saint-Père,"Abbey of Saint-Père, River Views, Rural Exploration"
Vézelay,France,Relaxed,1600,4.5,8.4,"La Terrasse, Le Resto du Terroir",Hotel de la Poste,"Basilica of Sainte-Marie-Madeleine, Medieval Streets"
Yonne,France,Relaxed,1700,4.4,8.2,"Le Bistro de l'Hotel de Ville, L'Escapade",Hotel Le Parc,"Burgundy Vineyards, Historical Sites"
Rio de Janeiro,Brazil,Adventurous,2500,4.7,9.4,"Fogo de Chão, Zuka",Hotel Fasano Rio,"Sugarloaf Mountain, Christ the Redeemer, Beaches"
Playa Rincon,Dominican Republic,Relaxed,1200,4.3,8,"La Cueva de las Golondrinas, Restaurante El Tembleque",Viva Wyndham V Samana,"Beaches, Water Sports, Hiking"
Samaná,Dominican Republic,Relaxed,1300,4.5,8.2,"El Cabrón, La Hacienda",Hotel Samaná,"Beaches, Waterfalls, Whale Watching"
Santo Domingo,Dominican Republic,Cultural,1600,4.6,8.9,"Adrian Tropical, Don Pepe",Hotel Jaragua,"Colonial Zone, Museums, Historical Sites"
Brooklyn,United States,Cultural,2500,4.8,9.5,"Grimaldi's Pizza, Peter Luger Steak House",The William Vale,"Brooklyn Bridge, Coney Island, Museums"
Chicago,United States,Cultural,2700,4.7,9.4,"Lou Malnati's, Alinea",The Langham Chicago,"Millennium Park, Art Institute, Navy Pier"
Paris,France,Relaxed,3000,4.9,9.8,"Le Meurice, Le Jules Verne",The Ritz Paris,"Eiffel Tower, Louvre Museum, Champs-Élysées"
Philadelphia,United States,Cultural,2400,4.5,8.7,"Reading Terminal Market, Zahav",The Rittenhouse,"Liberty Bell, Museums, Independence Hall"
São Paulo,Brazil,Adventurous,2000,4.4,8.2,"D.O.M., Bar da Dona Onça",Hotel Unique,"Museums, Ibirapuera Park, Street Art"
Toronto,Canada,Cultural,2500,4.7,9.3,"Alo Restaurant, Kōjin",The Four Seasons,"CN Tower, Royal Ontario Museum, Distillery District"
Dublin,United Kingdom,Adventurous,2000,4.6,8.9,"The Woollen Mills, Chapter One",The Dean Dublin,"Trinity College, Dublin Castle, St. Stephen's Green"
Atlanta,United States,Cultural,2300,4.5,8.4,"Ponce City Market, The Varsity",The Ritz-Carlton,"Martin Luther King Jr. National Historical Park, Museums"
Taipei,Taiwan,Cultural,1700,4.7,9.1,"Din Tai Fung, Shuanglian Market",W Taipei,"Taipei 101, Night Markets, Temples"
New Orleans,United States,Cultural,2300,4.8,9.4,"Café du Monde, Commander’s Palace",The Roosevelt New Orleans,"French Quarter, Jazz, Historic Sites"
Seattle,United States,Adventurous,2400,4.6,8.9,"The Pink Door, Pike Place Chowder",The Fairmont Olympic,"Space Needle, Pike Place Market, Outdoor Adventures"
Bagan,Myanmar,Adventurous,2200,4.5,8.8,"Oceans Restaurant, Bagan Lodge",Aureum Palace Hotel,"Temples, Hot Air Balloon Rides, Pagodas"
Yangon,Myanmar,Cultural,2000,4.4,8.6,"Shwe Sa Bwe, Le Planteur",Parkroyal Yangon,"Shwedagon Pagoda, Colonial Buildings, Markets"
Koreatown,United States,Cultural,1800,4.2,8.3,"The Line Hotel, Denny’s Korean BBQ",Hotel Wilshire,"Korean Spas, K-Town Nightlife, Korean Cuisine"
Venice,United States,Relaxed,1500,4.3,7.8,"Café Venice, The Anchor",The Venice Beach House,"Beaches, Bike Rentals, Outdoor Activities"
Los Feliz,United States,Relaxed,1700,4.3,8,"The Tasting Kitchen, Little Dom’s",The Hollywood Roosevelt,"Hiking Trails, Griffith Observatory, Scenic Views"
Whittier Boulevard,United States,Cultural,1600,4,7.5,"La Barca, La Vida",Holiday Inn Whittier,"Shopping, Mexican Cuisine, Nightlife"
Bogotá,Colombia,Cultural,1800,4.4,8.7,"Andrés Carne de Res, La Puerta Falsa",Hotel de la Opera,"Gold Museum, Monserrate, Cultural Sites"
Guaviare,Colombia,Adventurous,2000,4.6,8.9,"Guaviare Eco Lodge, El Pescador",Hotel La Serranía,"Jungle Expeditions, Wildlife, Indigenous Culture"
La Guajira,Colombia,Adventurous,2100,4.5,8.8,"Restaurante la Guajira, Rancho El Ojo de Agua",Hotel Los Trupillos,"Desert Landscapes, Traditional Culture, Hiking"
Meta,Colombia,Adventurous,1900,4.3,8.6,"La Finca de Meta, La Casa de los Llanos",Hotel Villavicencio,"Wildlife Tours, Llanos Grasslands"
Valle del Cauca,Colombia,Cultural,1800,4.6,8.8,"La Casona de Cali, La Matica",Hotel Intercontinental Cali,"Cali Zoo, Salsa Clubs, Colonial Architecture"
Montreal,Canada,Adventurous,1900,4.7,8.9,"Schwartz’s Deli, Toqué!",Fairmont The Queen Elizabeth,"Mount Royal, Museums, Old Montreal"
Quebec City,Canada,Cultural,2100,4.8,9.2,"Le Saint-Amour, Aux Anciens Canadiens",Château Frontenac,"Old Quebec, Citadel, Winter Carnival"
Tangier,Morocco,Cultural,1700,4.5,8.3,"Le Saveur du Poisson, Restaurant Tanger",Movenpick Hotel,"Medina, Beaches, Kasbah"
Al Khums,Libya,Cultural,1500,4.3,8,"The Libyan Restaurant, Al Waha",The Hotel Al Khums,"Roman Ruins, Beaches, Mediterranean Views"
Misrata,Libya,Cultural,1600,4.4,8.2,"Aladdin Restaurant, Sultan Palace",Meriem Hotel,"Historical Sites, Traditional Markets"
Murqub,Libya,Relaxed,1400,4.1,7.5,"The Oasis, Al Maktaba",Murqub Resort,"Desert Safari, Stargazing, Relaxation"
Tripoli,Libya,Cultural,1700,4.5,8.5,"Mammut Restaurant, Tripoli International",Corinthia Hotel,"Ancient Ruins, Beaches, Museums"
Chiclayo,Peru,Cultural,1600,4.7,8.8,"El Purgatorio, La Carpa",Hotel Costa del Sol,"Archaeological Sites, Markets, Temples"
Lima,Peru,Cultural,2200,4.8,9,"Central, Astrid y Gastón",The Westin Lima,"Historic Center, Museums, Cuisine"
Goma,Democratic Republic of the Congo,Adventurous,2400,4.6,9.1,"La Pizzaria, Coco Lodge",Lac Kivu Lodge,"Mount Nyiragongo, Volcano Hikes"
Kisangani,Democratic Republic of the Congo,Adventurous,2300,4.5,8.9,"Mambo Café, Café du Lac",Hotel Belle Vue,"Wildlife, Forest Tours, Congo River"
Aida,Palestine,Cultural,1700,4.3,8,"Al-Wahy, Al-Quds",Palestine Hotel,"Cultural Sites, Religious Landmarks"
Bethlehem,Palestine,Cultural,1800,4.6,8.4,"Palestinian Heritage Center, The Walled Off Hotel",Manger Square Hotel,"Nativity Church, Religious Sites"
Bror Hayil,Israel,Cultural,2100,4.7,9.2,"Saba’s, Dosa",Bror Hayil Hotel,"Ancient Ruins, Archaeological Sites"
Ein Rafa,Israel,Cultural,2000,4.6,8.8,"Rafa's Kitchen, The Al-Qudra",Ein Rafa Resort,"Historical Sites, Hiking Trails"
Gaza,Palestine,Cultural,1600,4.2,7.7,"Abu Shaban, Al-Baik",Gaza Beach Hotel,"Mediterranean Views, Markets, Cultural Landmarks"
Austin,United States,Cultural,2500,4.7,9,"Franklin Barbecue, Uchi",The Driskill,"Live Music, Museums, Barton Springs"
Sydney,Australia,Relaxed,3000,4.8,9.5,"Quay, Tetsuya’s",The Langham,"Sydney Opera House, Beaches, Harbour"
Bologna,Italy,Cultural,2200,4.7,9.2,"Osteria dell'Orsa, Trattoria di Via Serra",Art Hotel Commercianti,"Piazza Maggiore, Medieval Towers, Museums"
Modena,Italy,Cultural,2300,4.6,9.1,"Osteria Francescana, Trattoria Aldina",Hotel Rua Frati Minori,"Modena Cathedral, Ferrari Museum"
Polesine Parmense,Italy,Relaxed,1500,4.3,7.9,"La Trattoria del Gallo, Antica Osteria del Po",Agriturismo Ca’ del Lupo,"Po River, Rural Villages, Parmesan Cheese Tours"
Auxerre,France,Relaxed,1800,4.4,8,"Le Bistrot de la Cité, Le Coq de la Place",Hotel Normandie,"Historical Sites, Abbey of Saint-Germain, Yonne River"
Beaune,France,Relaxed,1900,4.6,8.3,"Le Bistro des Cocottes, La Table de Guigone",Hotel Le Cep,"Wine Tasting, Hospices de Beaune, Vineyards"
Morey-Saint-Denis,France,Relaxed,1700,4.5,8.1,"La Table de Pierre, Le Comte de Morey",Château de Morey,"Vineyards, Wine Cellars, Burgundy Wine"
Noyers,France,Relaxed,1600,4.3,7.8,"Le Comptoir de Noyers, L'Escargot",Auberge de Noyers,"Medieval Village, Wine Tours, Historical Sites"
Nuits-Saint-Georges,France,Relaxed,1700,4.4,8,"Le Clos de la Vigne, La Table des Caves",Hotel Restaurant Le Clos,"Vineyards, Wine Cellars, Village Walks"
Pacy-sur-Armançon,France,Relaxed,1500,4.2,7.7,"Le Saint-Georges, Le Bar du Marché",Hotel de la Gare,"Cultural Landmarks, Hiking, River Walks"
Saint-Père,France,Relaxed,1400,4.1,7.6,"L'Auberge de Saint-Père, Le Moulin",Hotel Saint-Père,"Abbey of Saint-Père, River Views, Rural Exploration"
Vézelay,France,Relaxed,1600,4.5,8.4,"La Terrasse, Le Resto du Terroir",Hotel de la Poste,"Basilica of Sainte-Marie-Madeleine, Medieval Streets"
Yonne,France,Relaxed,1700,4.4,8.2,"Le Bistro de l'Hotel de Ville, L'Escapade",Hotel Le Parc,"Burgundy Vineyards, Historical Sites"
Rio de Janeiro,Brazil,Adventurous,2500,4.7,9.4,"Fogo de Chão, Zuka",Hotel Fasano Rio,"Sugarloaf Mountain, Christ the Redeemer, Beaches"
Playa Rincon,Dominican Republic,Relaxed,1200,4.3,8,"La Cueva de las Golondrinas, Restaurante El Tembleque",Viva Wyndham V Samana,"Beaches, Water Sports, Hiking"
Samaná,Dominican Republic,Relaxed,1300,4.5,8.2,"El Cabrón, La Hacienda",Hotel Samaná,"Beaches, Waterfalls, Whale Watching"
Santo Domingo,Dominican Republic,Cultural,1600,4.6,8.9,"Adrian Tropical, Don Pepe",Hotel Jaragua,"Colonial Zone, Museums, Historical Sites"
Brooklyn,United States,Cultural,2500,4.8,9.5,"Grimaldi's Pizza, Peter Luger Steak House",The William Vale,"Brooklyn Bridge, Coney Island, Museums"
Chicago,United States,Cultural,2700,4.7,9.4,"Lou Malnati's, Alinea",The Langham Chicago,"Millennium Park, Art Institute, Navy Pier"
Paris,France,Relaxed,3000,4.9,9.8,"Le Meurice, Le Jules Verne",The Ritz Paris,"Eiffel Tower, Louvre Museum, Champs-Élysées"
Philadelphia,United States,Cultural,2400,4.5,8.7,"Reading Terminal Market, Zahav",The Rittenhouse,"Liberty Bell, Museums, Independence Hall"
São Paulo,Brazil,Adventurous,2000,4.4,8.2,"D.O.M., Bar da Dona Onça",Hotel Unique,"Museums, Ibirapuera Park, Street Art"
Toronto,Canada,Cultural,2500,4.7,9.3,"Alo Restaurant, Kōjin",The Four Seasons,"CN Tower, Royal Ontario Museum, Distillery District"
Dublin,United Kingdom,Adventurous,2000,4.6,8.9,"The Woollen Mills, Chapter One",The Dean Dublin,"Trinity College, Dublin Castle, St. Stephen's Green"
Atlanta,United States,Cultural,2300,4.5,8.4,"Ponce City Market, The Varsity",The Ritz-Carlton,"Martin Luther King Jr. National Historical Park, Museums"
Taipei,Taiwan,Cultural,1700,4.7,9.1,"Din Tai Fung, Shuanglian Market",W Taipei,"Taipei 101, Night Markets, Temples"
New Orleans,United States,Cultural,2300,4.8,9.4,"Café du Monde, Commander’s Palace",The Roosevelt New Orleans,"French Quarter, Jazz, Historic Sites"
Seattle,United States,Adventurous,2400,4.6,8.9,"The Pink Door, Pike Place Chowder",The Fairmont Olympic,"Space Needle, Pike Place Market, Outdoor Adventures"
Bagan,Myanmar,Adventurous,2200,4.5,8.8,"Oceans Restaurant, Bagan Lodge",Aureum Palace Hotel,"Temples, Hot Air Balloon Rides, Pagodas"
Yangon,Myanmar,Cultural,2000,4.4,8.6,"Shwe Sa Bwe, Le Planteur",Parkroyal Yangon,"Shwedagon Pagoda, Colonial Buildings, Markets"
Koreatown,United States,Cultural,1800,4.2,8.3,"The Line Hotel, Denny’s Korean BBQ",Hotel Wilshire,"Korean Spas, K-Town Nightlife, Korean Cuisine"
Venice,United States,Relaxed,1500,4.3,7.8,"Café Venice, The Anchor",The Venice Beach House,"Beaches, Bike Rentals, Outdoor Activities"
Los Feliz,United States,Relaxed,1700,4.3,8,"The Tasting Kitchen, Little Dom’s",The Hollywood Roosevelt,"Hiking Trails, Griffith Observatory, Scenic Views"
Whittier Boulevard,United States,Cultural,1600,4,7.5,"La Barca, La Vida",Holiday Inn Whittier,"Shopping, Mexican Cuisine, Nightlife"
Bogotá,Colombia,Cultural,1800,4.4,8.7,"Andrés Carne de Res, La Puerta Falsa",Hotel de la Opera,"Gold Museum, Monserrate, Cultural Sites"
Guaviare,Colombia,Adventurous,2000,4.6,8.9,"Guaviare Eco Lodge, El Pescador",Hotel La Serranía,"Jungle Expeditions, Wildlife, Indigenous Culture"
La Guajira,Colombia,Adventurous,2100,4.5,8.8,"Restaurante la Guajira, Rancho El Ojo de Agua",Hotel Los Trupillos,"Desert Landscapes, Traditional Culture, Hiking"
Meta,Colombia,Adventurous,1900,4.3,8.6,"La Finca de Meta, La Casa de los Llanos",Hotel Villavicencio,"Wildlife Tours, Llanos Grasslands"
Valle del Cauca,Colombia,Cultural,1800,4.6,8.8,"La Casona de Cali, La Matica",Hotel Intercontinental Cali,"Cali Zoo, Salsa Clubs, Colonial Architecture"
Montreal,Canada,Adventurous,1900,4.7,8.9,"Schwartz’s Deli, Toqué!",Fairmont The Queen Elizabeth,"Mount Royal, Museums, Old Montreal"
Quebec City,Canada,Cultural,2100,4.8,9.2,"Le Saint-Amour, Aux Anciens Canadiens",Château Frontenac,"Old Quebec, Citadel, Winter Carnival"
Tangier,Morocco,Cultural,1700,4.5,8.3,"Le Saveur du Poisson, Restaurant Tanger",Movenpick Hotel,"Medina, Beaches, Kasbah"
Al Khums,Libya,Cultural,1500,4.3,8,"The Libyan Restaurant, Al-Saada",Hotel Al Khums,"Roman Ruins, Beaches, Mediterranean Views"
Misrata,Libya,Cultural,1600,4.4,8.2,"Aladdin Restaurant, Sultan Palace",Meriem Hotel,"Historical Sites, Traditional Markets"
Murqub,Libya,Relaxed,1400,4.1,7.5,"The Oasis, Al Maktaba",Murqub Resort,"Desert Safari, Stargazing, Relaxation"
Tripoli,Libya,Cultural,1700,4.5,8.5,"Mammut Restaurant, Tripoli International",Corinthia Hotel,"Ancient Ruins, Beaches, Museums"
Chiclayo,Peru,Cultural,1600,4.7,8.8,"El Purgatorio, La Carpa",Hotel Costa del Sol,"Archaeological Sites, Markets, Temples"
Lima,Peru,Cultural,2200,4.8,9,"Central, Astrid y Gastón",The Westin Lima,"Historic Center, Museums, Cuisine"
Goma,Democratic Republic of the Congo,Adventurous,2400,4.6,9.1,"La Pizzaria, Coco Lodge",Lac Kivu Lodge,"Mount Nyiragongo, Volcano Hikes"
Kisangani,Democratic Republic of the Congo,Adventurous,2300,4.5,8.9,"Mambo Café, Café du Lac",Hotel Belle Vue,"Wildlife, Forest Tours, Congo River"
Aida,Palestine,Cultural,1700,4.3,8,"Al-Wahy, Al-Quds",Palestine Hotel,"Cultural Sites, Religious Landmarks"
Bethlehem,Palestine,Cultural,1800,4.6,8.4,"Palestinian Heritage Center, The Walled Off Hotel",Manger Square Hotel,"Nativity Church, Religious Sites"
Bror Hayil,Israel,Cultural,2100,4.7,9.2,"Saba’s, Dosa",Bror Hayil Hotel,"Ancient Ruins, Archaeological Sites"
Ein Rafa,Israel,Cultural,2000,4.6,8.8,"Rafa's Kitchen, The Al-Qudra",Ein Rafa Resort,"Historical Sites, Hiking Trails"
Gaza,Palestine,Cultural,1600,4.2,7.7,"Abu Shaban, Al-Baik",Gaza Beach Hotel,"Mediterranean Views, Markets, Cultural Landmarks"
Jerusalem,Israel,Cultural,2500,4.9,9.5,"Machneyuda, The Eucalyptus",King David Hotel,"Wailing Wall, Dome of the Rock, Old City"
Ramallah,Palestine,Cultural,1800,4.5,8.6,"Zaatar w Zeit, Al-Saha",Grand Park Hotel,"Cultural Centers, Historical Landmarks"
Granada,Spain,Cultural,2200,4.7,9.2,"Bodegas Castañeda, Restaurante Chikito",Parador de Granada,"Alhambra, Generalife Gardens, Historic District"
Santa Fe,United States,Relaxed,2000,4.4,8.2,"The Shed, Cafe Pasqual's",La Fonda,"Santa Fe Plaza, Canyon Road, Museums"
Zia Pueblo,United States,Relaxed,1700,4.3,7.9,"The Corn Maiden, Blue Heron",Zia Pueblo Lodge,"Native American Culture, Scenic Views"
Alberquerque,United States,Cultural,1900,4.6,8.5,"Sadie's, Los Poblanos",Hotel Albuquerque,"Balloon Fiesta, Old Town, Museums"
Copenhagen,Denmark,Relaxed,2500,4.8,9.6,"Noma, Geranium",Hotel d'Angleterre,"Tivoli Gardens, Nyhavn, Christiania"
Sicily,Italy,Cultural,2100,4.7,9,"La Madia, Osteria dei Vespri",Grand Hotel Villa Igiea,"Greek Theatre, Temples, Mount Etna"
Johannesburg,South Africa,Cultural,2200,4.7,8.8,"Marble, The Saxon",The Saxon,"Apartheid Museum, Lion Park, Soweto"
Tokyo,Japan,Cultural,2400,4.9,9.7,"Sukiyabashi Jiro, Narisawa",The Ritz-Carlton Tokyo,"Shibuya Crossing, Imperial Palace, Tokyo Tower"
Detroit,United States,Cultural,1800,4.3,8,"The Whitney, Lafayette Coney Island",The Westin Book Cadillac,"Motown Museum, Detroit Institute of Arts"
Amritsar,India,Cultural,1700,4.6,8.9,"Kesar Da Dhaba, Bharawan Da Dhaba",Taj Swarna,"Golden Temple, Jallianwala Bagh"
Las Vegas,United States,Adventurous,3000,4.8,9.9,"Joël Robuchon, Le Cirque",The Venetian,"Casinos, Shows, Nightlife"
Lyon,France,Cultural,2100,4.7,9.1,"Bouchon des Filles, Paul Bocuse",Villa Florentine,"Old Lyon, Basilica of Notre-Dame de Fourvière"
Cuernavaca,Mexico,Relaxed,1500,4.4,8.2,"Las Mañanitas, La India Bonita",Casa Azúl,"Palaces, Gardens, Historical Sites"
Mexico City,Mexico,Cultural,2200,4.8,9.3,"Pujol, El Cardenal",Four Seasons Hotel,"Historic Center, Chapultepec Park, Museums"
Oaxaca,Mexico,Relaxing,1600,4.5,8.1,"Los Danzantes, La Olla",Hotel Casa Oaxaca,"Monte Albán, Markets, Colonial Architecture"
Moscow,Russia,Adventurous,2100,4.6,8.9,"White Rabbit, Mari Vanna",The Ritz-Carlton Moscow,"Red Square, Kremlin, Bolshoi Theatre"
St. Petersburg,Russia,Adventurous,2200,4.7,9,"Café Pushkin, Tsar",Belmond Grand Hotel Europe,"Hermitage Museum, Peterhof Palace"
Jackson,United States,Cultural,1900,4.4,8.1,"The Capital Grill, Aladdin Mediterranean Grill",Hilton Garden Inn,"Museum of Mississippi History, Mississippi State Capitol"
Merigold,United States,Relaxed,1400,4.2,7.8,"The Blue Plate, Catfish Row",The Delta Hotel,"Mississippi River, Scenic Views"
Chiang Mai Province,Thailand,Cultural,2000,4.6,8.8,"Khao Soi, The Riverside",Anantara Chiang Mai Resort,"Temples, Doi Suthep, Elephant Sanctuaries"
Bahia,Brazil,Relaxed,1600,4.4,8.3,"O Picui, Restaurante do Senac",Hotel Fasano,"Beaches, Colonial Architecture, Salvador Carnival"
Shanghai,China,Adventurous,2200,4.8,9.2,"Ultraviolet, Din Tai Fung",The Peninsula Shanghai,"The Bund, Nanjing Road, Disneyland Shanghai"
The Bronx,United States,Cultural,1800,4.3,8,"The Bronx Brewery, The Boogie Down Grind",The Residence Inn,"Yankee Stadium, Bronx Zoo, Botanical Garden"
Asunción,Paraguay,Cultural,1700,4.5,8.2,"La Misión, Mercado Cuatro",Sheraton Asunción Hotel,"Historic Sites, National Pantheon"
Huế,Vietnam,Cultural,1600,4.6,8.4,"Quoc Hoa, Ancient Hue",Saigon Morin Hotel,"Imperial City, Royal Tombs"
Quảng Trị,Vietnam,Adventurous,1500,4.3,7.9,"La Baguette, Café Trung",Vinh Hien Hotel,"Battlefields, War Memorials"
Ngorongoro Crater,Tanzania,Adventurous,2500,4.7,9.6,"Ngorongoro Crater Lodge, Serengeti Bush Camp",Serengeti Migration Camp,"Safari, Wildlife, Crater Views"
Serengeti,Tanzania,Adventurous,2600,4.8,9.7,"Serengeti Serena Safari Lodge, Four Seasons Safari Lodge",Serengeti National Park,"Safari, Hot Air Balloon Rides"
Zanzibar,Tanzania,Relaxed,2100,4.5,8.9,"The Rock Restaurant, Emerson Spice",Zanzibar Serena Hotel,"Beaches, Stone Town, Spice Tours"
Isfana,Iran,Cultural,1700,4.3,7.9,"Restaurant Khorasan, Shater Abbas",Isfana Hotel,"Historical Sites, Scenic Views"
Tehran,Iran,Cultural,1800,4.6,8.5,"Shater Abbas, Gilan",Tehran Grand Hotel,"Golestan Palace, National Museum"
Provincetown,United States,Relaxed,1800,4.5,8.2,"The Lobster Pot, Joon Bar",The Provincetown Hotel,"Beaches, Art Galleries, Whale Watching"
Franklin County,United States,Relaxed,1600,4.3,7.8,"The Homestead, The Franklin Grill",The Franklin Inn,"Hiking Trails, Scenic Views"
Port Of Spain,Trinidad and Tobago,Relaxed,2100,4.5,8.2,The Royal Palm Restaurant,Radisson Hotel,"Beaches, National Parks"
Porto,Portugal,Adventurous,2200,4.7,8.9,"Cantinho do Avillez, Ribeira Square",Pestana Vintage Porto Hotel,"Historic District, Wine Cellars, Bridges"
Singapore,Singapore,Adventurous,2500,4.8,9,"Chilli Crab, Singapore Flyer",Marina Bay Sands,"Gardens by the Bay, Marina Bay Sands SkyPark, Shopping"
Argentière,France,Relaxed,2300,4.4,8.5,"La Table de l'Ours, Restaurant Les Granges",Chalet du Glacier,"Skiing, Mont Blanc Views"
Chamonix-Mont-Blanc,France,Adventurous,2700,4.7,9.2,"Le Panoramique, La Calèche",Les Granges d'en Haut,"Mountaineering, Ski Resorts, Aiguille du Midi"
Nus,Italy,Relaxed,1600,4.3,7.9,"Ristorante La Clée, Pizzeria da Gigi",Hotel La Roche,"Mountain Views, Hiking, Quiet Retreats"
Vallorcine,France,Adventurous,2500,4.6,8.9,"Restaurant Le Cœur d'Or, Le Loup Blanc",Les Rives de l'Arve,"Skiing, Hiking Trails, Chamonix Views"
Lagos,Nigeria,Cultural,1700,4.5,8.4,"Bungalow Restaurant, Terra Kulture",Eko Hotel & Suites,"National Museum, Lekki Conservation Centre"
Pittsburg,United States,Cultural,2000,4.4,8.2,"Primanti Brothers, The Church Brew Works",The Westin Pittsburgh,"Carnegie Museum of Art, PNC Park"
Colombo,Sri Lanka,Adventurous,2100,4.6,8.7,"Ministry of Crab, The Lagoon",Cinnamon Grand Colombo,"Galle Face Green, Colombo National Museum"
Jaffna,Sri Lanka,Cultural,1800,4.3,8,"Malayan Cafe, Jaffna Eating House",The Thalsevana Hotel,"Jaffna Fort, Nallur Kandaswamy Kovil"
Ciales,Puerto Rico,Relaxed,1500,4.2,7.5,"Restaurante El Taino, La Casona",Casa Grande Mountain Retreat,"Mountain Views, Coffee Tours"
San Juan,Puerto Rico,Relaxed,2000,4.5,8.6,"La Mallorquina, Café Puerto Rico",Condado Vanderbilt Hotel,"Old San Juan, Beaches, Fort San Cristobal"
Valle Costero,Puerto Rico,Relaxed,1600,4.1,7.9,"Seafood Kitchen, La Casa del Marisco",Casa Blanca,"Beaches, Hiking Trails, Coastal Views"
Vieques,Puerto Rico,Relaxed,2100,4.7,8.8,"Café del Mar, Bili's Restaurant",Hix Island House,"Bioluminescent Bay, Beaches"
Seattle,United States,Relaxed,2400,4.5,8.3,"The Pink Door, Pike Place Chowder",The Edgewater Hotel,"Space Needle, Pike Place Market"
Bernalda,Italy,Relaxed,1800,4.3,7.8,"Ristorante La Dolce Vita, Trattoria Gallo Nero",Palazzo Margherita,"Historic Town Center, Wine Tours"
Lecce,Italy,Cultural,2000,4.6,8.5,"Corte dei Pandolfi, Osteria del Tempo Perso",Patria Palace Hotel,"Baroque Architecture, Santa Croce Basilica"
Torre Canne,Italy,Relaxed,1500,4.1,7.6,"Osteria Il Rifugio, Da Pasquale",Hotel Del Levante,"Beaches, Thermal Baths"
War,United States,Relaxed,1300,4,7.3,"Penny's Diner, The Garden",War Town Inn,"Small Town Charm, Scenic Views"
Man,United States,Relaxed,1400,4.2,7.4,"The Man Grill, Barbecue Heaven",Man Inn,"Mountain Views, Outdoor Activities"
Lost Creek,United States,Relaxed,1500,4.3,7.6,"Lost Creek Tavern, Mountain View Café",Lost Creek Lodge,"Hiking, Forest Views"
Welch,United States,Relaxed,1600,4.4,7.7,"The Pine Room, Riverbend Grill",The Resort at Glade Springs,"Golf, Mountain Views"
Philippi,United States,Relaxed,1700,4.5,7.8,"The Filson Club, Main Street Diner",Barbour County Inn,"Historic Sites, Riverfront Views"
Jose Ignacio,Uruguay,Relaxed,2400,4.7,8.9,"La Huella, El Refugio del Sol",Hotel Playa Vik,"Beaches, Surfing, Art Galleries"
Montevideo,Uruguay,Adventurous,2700,4.5,8.6,"Mercado del Puerto, La Pasiva",Hotel Sofitel Montevideo,"City Tours, Beaches, Historical Sites"
Santa Lucia,Uruguay,Relaxed,1800,4.2,7.9,"El Espinillo, Parrillada La Estancia",Santa Lucia Lodge,"Riverside Views, Countryside"
Petty Harbour,Canada,Relaxed,1600,4.3,7.8,"The Crown and Anchor, Seawinds Restaurant",The Petty Harbour Inn,"Scenic Views, Coastal Walks"
St. John's,Canada,Relaxed,1900,4.4,8.1,"The Rooms Café, Mallard Cottage",The Sheraton Hotel,"Scenic Views, Iceberg Viewing"
St. Pierre and Miquelon,France,Relaxed,2100,4.5,8.2,"Le Saint-Pierre, La Maison du Pêcheur",Le Saint-Pierre,"Island Views, French Cuisine"
Yerevan,Armenia,Cultural,1800,4.3,7.7,"Tavern Yerevan, Dolmama Restaurant",Armenia Marriott Hotel,"Republic Square, Museums"
Hong Kong,China,Adventurous,2500,4.7,9,"Tim Ho Wan, Mak's Noodle",The Ritz-Carlton Hong Kong,"Victoria Peak, Shopping, Night Markets"
Berlin,Germany,Cultural,2300,4.6,8.8,"Berliner Kindl Brauerei, Katz Orange",Hotel Adlon Kempinski,"Berlin Wall, Museum Island"
Mamou,United States,Relaxed,1400,4.2,7.5,"Mamou Cajun, The Attic Restaurant",Hotel Mamou,"Small Town Charm, Outdoor Activities"
Grand Coteau,United States,Relaxed,1600,4.3,7.7,"Grand Coteau Café, Gator's Grill",Grand Coteau Inn,"Historic Sites, Scenic Views"
Lafayette,United States,Relaxed,1700,4.4,7.8,"The Blue Dog Café, Pat's Downtown",Holiday Inn Lafayette,"Live Music, Cajun Cuisine"
Opelousas,United States,Relaxed,1500,4.1,7.6,"Opelousas Café, The Bayou Grill",Evangeline Inn,"Swamp Tours, Cajun Music"
Bumthang,Bhutan,Adventurous,3000,4.8,9.3,"The Swiss Farmhouse, Jakar Village Restaurant",Tenzinling Resort,"Hiking, Monasteries, Festivals"
Punakha,Bhutan,Adventurous,3200,4.9,9.4,"The Punakha Dzong Restaurant, Lobesa Restaurant",Uma by COMO,"Monasteries, Punakha Dzong, Rivers"